name,price,rating,availability,description
Child of God Unisex Hoodie,$59.99,No rating,In Stock,No description
Psalm 23 Unisex Hoodie,$59.99,No rating,In Stock,No description
Living Water Unisex Hoodie,$59.99,No rating,In Stock,No description
House of the Lord Unisex Hoodie,$59.99,No rating,In Stock,No description
In God's Hands Unisex Hoodie,$59.99,No rating,In Stock,No description
The Duffel Bag,$49.99,No rating,In Stock,No description
Be Joyful Phone Case,$29.99,No rating,In Stock,No description
Clear Fruit of the Spirit Phone Case,$29.99,No rating,In Stock,No description
Green Allover Print 40 oz Ascend Tumbler,$34.99,No rating,In Stock,No description
Take Heart 40 oz Ascend Tumbler,$34.99,No rating,In Stock,No description
No name,$59.99,No rating,In Stock,No description
No name,$59.99,No rating,In Stock,No description
No name,$59.99,No rating,In Stock,No description
No name,$59.99,No rating,In Stock,No description
No name,$59.99,No rating,In Stock,No description
No name,$29.99,No rating,In Stock,No description
No name,$34.99,No rating,In Stock,No description
No name,$49.99,No rating,In Stock,No description
No name,$29.99,No rating,In Stock,No description
No name,$64.99,No rating,In Stock,No description
No name,$29.99,No rating,In Stock,No description
No name,$34.99,No rating,In Stock,No description
No name,$64.99,No rating,In Stock,No description
No name,$34.99,No rating,In Stock,No description
No name,$59.99,No rating,In Stock,No description
No name,$34.99,No rating,In Stock,No description
No name,$29.99,No rating,In Stock,No description
No name,$59.99,No rating,In Stock,No description
No name,$49.99,No rating,In Stock,No description
No name,Sale price$44.99Regular price$59.9925% OFF,No rating,In Stock,No description
No name,$59.99,No rating,In Stock,No description
No name,Sale price$24.99Regular price$39.9938% OFF,No rating,In Stock,No description
No name,$19.99,No rating,In Stock,No description
No name,$19.99,No rating,In Stock,No description
No name,$39.99,No rating,In Stock,No description
No name,$29.99,No rating,In Stock,No description
No name,$49.99,No rating,In Stock,No description
No name,$15.99,No rating,In Stock,No description
No name,$29.99,No rating,In Stock,No description
No name,$29.99,No rating,In Stock,No description
No name,$29.99,No rating,In Stock,No description
No name,$34.99,No rating,In Stock,No description
No name,$24.99,No rating,In Stock,No description
No name,$29.99,No rating,In Stock,No description
No name,$39.99,No rating,In Stock,No description
No name,$24.99,No rating,In Stock,No description
No name,$15.99,No rating,In Stock,No description
No name,$29.99,No rating,In Stock,No description
No name,$34.99,No rating,In Stock,No description
No name,$59.99,No rating,In Stock,No description
No name,$19.99,No rating,In Stock,No description
No name,$29.99,No rating,In Stock,No description
No name,$29.99,No rating,In Stock,No description
No name,$59.99,No rating,In Stock,No description
No name,$64.99,No rating,In Stock,No description
No name,Sale price$39.99Regular price$49.9920% OFF,No rating,In Stock,No description
No name,$34.99,No rating,In Stock,No description
No name,$32.99,No rating,In Stock,No description
No name,$34.99,No rating,In Stock,No description
No name,$15.99,No rating,In Stock,No description
No name,$15.00,No rating,In Stock,No description
No name,$24.99,No rating,In Stock,No description
No name,$49.99,No rating,In Stock,No description
No name,Sale price$39.99Regular price$49.9920% OFF,No rating,In Stock,No description
No name,$4.99,No rating,In Stock,No description
No name,$34.99,No rating,In Stock,No description
No name,$64.99,No rating,In Stock,No description
No name,Sale price$9.99Regular price$15.9938% OFF,No rating,In Stock,No description
No name,$34.99,No rating,In Stock,No description
No name,$59.99,No rating,In Stock,No description
No name,$59.99,No rating,In Stock,No description
No name,$59.99,No rating,In Stock,No description
No name,$59.99,No rating,In Stock,No description
No name,$59.99,No rating,In Stock,No description
No name,$29.99,No rating,In Stock,No description
No name,$29.99,No rating,In Stock,No description
No name,$19.99,No rating,In Stock,No description
No name,$54.99,No rating,In Stock,No description
No name,$24.99,No rating,In Stock,No description
No name,Sale price$24.99Regular price$39.9938% OFF,No rating,In Stock,No description
No name,$39.99,No rating,In Stock,No description
No name,$39.99,No rating,In Stock,No description
No name,$49.99,No rating,In Stock,No description
No name,$19.99,No rating,In Stock,No description
No name,$19.99,No rating,In Stock,No description
No name,$7.99,No rating,In Stock,No description
No name,$19.99,No rating,In Stock,No description
No name,$32.99,No rating,In Stock,No description
No name,$29.99,No rating,In Stock,No description
No name,$29.99,No rating,In Stock,No description
No name,$34.99,No rating,In Stock,No description
No name,$29.99,No rating,In Stock,No description
No name,$29.99,No rating,In Stock,No description
No name,$29.99,No rating,In Stock,No description
No name,$15.99,No rating,In Stock,No description
No name,Sale price$14.99Regular price$19.9925% OFF,No rating,In Stock,No description
No name,Sale price$2.99Regular price$9.9970% OFF,No rating,In Stock,No description
No name,$7.99,No rating,In Stock,No description
No name,Sale price$2.99Regular price$9.9970% OFF,No rating,In Stock,No description
No name,$59.99,No rating,In Stock,No description
No name,$59.99,No rating,In Stock,No description
No name,$64.99,No rating,In Stock,No description
No name,$24.99,No rating,In Stock,No description
No name,$19.99,No rating,In Stock,No description
No name,$59.99,No rating,In Stock,No description
No name,$34.99,No rating,In Stock,No description
No name,$49.99,No rating,In Stock,No description
No name,$59.99,No rating,In Stock,No description
No name,$49.99,No rating,In Stock,No description
No name,$59.99,No rating,In Stock,No description
No name,$32.99,No rating,In Stock,No description
No name,$54.99,No rating,In Stock,No description
No name,$59.99,No rating,In Stock,No description
No name,$59.99,No rating,In Stock,No description
No name,$59.99,No rating,In Stock,No description
No name,$49.99,No rating,In Stock,No description
No name,$59.99,No rating,In Stock,No description
No name,$69.99,No rating,In Stock,No description
No name,$29.99,No rating,In Stock,No description
No name,$59.99,No rating,In Stock,No description
No name,$59.99,No rating,In Stock,No description
No name,$59.99,No rating,In Stock,No description
No name,$34.99,No rating,In Stock,No description
No name,$29.99,No rating,In Stock,No description
No name,$19.99,No rating,In Stock,No description
No name,$34.99,No rating,In Stock,No description
No name,$34.99,No rating,In Stock,No description
No name,$49.99,No rating,In Stock,No description
No name,$49.99,No rating,In Stock,No description
No name,$59.99,No rating,In Stock,No description
No name,Sale price$44.99Regular price$59.9925% OFF,No rating,In Stock,No description
No name,Sale price$19.99Regular price$29.9933% OFF,No rating,In Stock,No description
No name,Sale price$19.99Regular price$29.9933% OFF,No rating,In Stock,No description
No name,$59.99,No rating,In Stock,No description
No name,$59.99,No rating,In Stock,No description
No name,$49.99,No rating,In Stock,No description
No name,$59.99,No rating,In Stock,No description
No name,$49.99,No rating,In Stock,No description
No name,$59.99,No rating,In Stock,No description
No name,$19.99,No rating,In Stock,No description
No name,$59.99,No rating,In Stock,No description
No name,$59.99,No rating,In Stock,No description
No name,$29.99,No rating,In Stock,No description
No name,$29.99,No rating,In Stock,No description
No name,$59.99,No rating,In Stock,No description
No name,$49.99,No rating,In Stock,No description
No name,$29.99,No rating,In Stock,No description
No name,Sale price$2.99Regular price$9.9970% OFF,No rating,In Stock,No description
No name,$15.99,No rating,In Stock,No description
No name,$19.99,No rating,In Stock,No description
No name,$34.99,No rating,In Stock,No description
No name,$7.99,No rating,In Stock,No description
No name,$59.99,No rating,In Stock,No description
No name,$59.99,No rating,In Stock,No description
No name,$59.99,No rating,In Stock,No description
No name,$59.99,No rating,In Stock,No description
No name,$59.99,No rating,In Stock,No description
No name,$24.99,No rating,In Stock,No description
No name,$34.99,No rating,In Stock,No description
No name,$54.99,No rating,In Stock,No description
No name,$64.99,No rating,In Stock,No description
No name,Sale price$19.99Regular price$24.9920% OFF,No rating,In Stock,No description
No name,$59.99,No rating,In Stock,No description
No name,$59.99,No rating,In Stock,No description
No name,$59.99,No rating,In Stock,No description
No name,Sale price$59.99Regular price$69.9914% OFF,No rating,In Stock,No description
No name,$69.99,No rating,In Stock,No description
No name,$59.99,No rating,In Stock,No description
No name,$64.99,No rating,In Stock,No description
No name,$19.99,No rating,In Stock,No description
No name,$15.99,No rating,In Stock,No description
Child of God Unisex Hoodie,$59.99,No rating,In Stock,No description
Psalm 23 Unisex Hoodie,$59.99,No rating,In Stock,No description
Living Water Unisex Hoodie,$59.99,No rating,In Stock,No description
House of the Lord Unisex Hoodie,$59.99,No rating,In Stock,No description
In God's Hands Unisex Hoodie,$59.99,No rating,In Stock,No description
The Duffel Bag,$49.99,No rating,In Stock,No description
Be Joyful Phone Case,$29.99,No rating,In Stock,No description
Clear Fruit of the Spirit Phone Case,$29.99,No rating,In Stock,No description
Green Allover Print 40 oz Ascend Tumbler,$34.99,No rating,In Stock,No description
Take Heart 40 oz Ascend Tumbler,$34.99,No rating,In Stock,No description
No name,$80.00,No rating,In Stock,No description
No name,$50.00,No rating,In Stock,No description
No name,$80.00,No rating,In Stock,No description
No name,$50.00,No rating,In Stock,No description
No name,$70.00,No rating,In Stock,No description
No name,$50.00,No rating,In Stock,No description
No name,$70.00,No rating,In Stock,No description
No name,$80.00,No rating,In Stock,No description
No name,$80.00,No rating,In Stock,No description
No name,$50.00,No rating,In Stock,No description
No name,$70.00,No rating,In Stock,No description
No name,$80.00,No rating,In Stock,No description
No name,$50.00,No rating,In Stock,No description
No name,$70.00,No rating,In Stock,No description
No name,$80.00,No rating,In Stock,No description
No name,$50.00,No rating,In Stock,No description
No name,$49.99,No rating,In Stock,No description
No name,$29.99,No rating,In Stock,No description
No name,$29.99,No rating,In Stock,No description
No name,$34.99,No rating,In Stock,No description
No name,$34.99,No rating,In Stock,No description
No name,$34.99,No rating,In Stock,No description
No name,$24.99,No rating,In Stock,No description
No name,$24.99,No rating,In Stock,No description
No name,$24.99,No rating,In Stock,No description
No name,$69.99,No rating,In Stock,No description
No name,$59.99,No rating,In Stock,No description
No name,$69.99,No rating,In Stock,No description
No name,$59.99,No rating,In Stock,No description
No name,$64.99,No rating,In Stock,No description
No name,$59.99,No rating,In Stock,No description
No name,$59.99,No rating,In Stock,No description
No name,$59.99,No rating,In Stock,No description
No name,$34.99,No rating,In Stock,No description
No name,$49.99,No rating,In Stock,No description
No name,$59.99,No rating,In Stock,No description
No name,$29.99,No rating,In Stock,No description
No name,$15.99,No rating,In Stock,No description
No name,$15.99,No rating,In Stock,No description
No name,$15.99,No rating,In Stock,No description
No name,$15.99,No rating,In Stock,No description
No name,$59.99,No rating,In Stock,No description
No name,$54.99,No rating,In Stock,No description
No name,$64.99,No rating,In Stock,No description
No name,$39.99,No rating,In Stock,No description
No name,$34.99,No rating,In Stock,No description
No name,$9.99,No rating,In Stock,No description
No name,$9.99,No rating,In Stock,No description
No name,$19.99,No rating,In Stock,No description
No name,$39.99,No rating,In Stock,No description
No name,$19.99,No rating,In Stock,No description
No name,$15.99,No rating,In Stock,No description
No name,$15.99,No rating,In Stock,No description
No name,$15.99,No rating,In Stock,No description
No name,$15.99,No rating,In Stock,No description
No name,$59.99,No rating,In Stock,No description
No name,$54.99,No rating,In Stock,No description
No name,$59.99,No rating,In Stock,No description
No name,$54.99,No rating,In Stock,No description
No name,$59.99,No rating,In Stock,No description
No name,$59.99,No rating,In Stock,No description
No name,$59.99,No rating,In Stock,No description
No name,$39.99,No rating,In Stock,No description
No name,Sale price$24.99Regular price$39.9938% OFF,No rating,In Stock,No description
No name,$59.99,No rating,In Stock,No description
No name,$39.99,No rating,In Stock,No description
No name,$39.99,No rating,In Stock,No description
No name,$39.99,No rating,In Stock,No description
No name,$59.99,No rating,In Stock,No description
No name,$59.99,No rating,In Stock,No description
No name,$15.99,No rating,In Stock,No description
No name,$15.99,No rating,In Stock,No description
No name,$59.99,No rating,In Stock,No description
No name,$39.99,No rating,In Stock,No description
No name,$19.99,No rating,In Stock,No description
No name,$19.99,No rating,In Stock,No description
No name,$19.99,No rating,In Stock,No description
No name,$19.99,No rating,In Stock,No description
No name,$49.99,No rating,In Stock,No description
No name,$49.99,No rating,In Stock,No description
No name,$49.99,No rating,In Stock,No description
No name,$39.99,No rating,In Stock,No description
No name,$39.99,No rating,In Stock,No description
No name,$39.99,No rating,In Stock,No description
No name,$39.99,No rating,In Stock,No description
No name,$34.99,No rating,In Stock,No description
No name,$34.99,No rating,In Stock,No description
No name,$34.99,No rating,In Stock,No description
No name,$34.99,No rating,In Stock,No description
No name,$34.99,No rating,In Stock,No description
No name,$34.99,No rating,In Stock,No description
No name,$34.99,No rating,In Stock,No description
No name,$34.99,No rating,In Stock,No description
No name,$34.99,No rating,In Stock,No description
No name,$34.99,No rating,In Stock,No description
No name,$59.99,No rating,In Stock,No description
No name,$59.99,No rating,In Stock,No description
No name,$59.99,No rating,In Stock,No description
No name,$59.99,No rating,In Stock,No description
No name,$59.99,No rating,In Stock,No description
No name,$34.99,No rating,In Stock,No description
No name,$34.99,No rating,In Stock,No description
No name,$34.99,No rating,In Stock,No description
No name,$34.99,No rating,In Stock,No description
No name,$34.99,No rating,In Stock,No description
No name,$59.99,No rating,In Stock,No description
No name,$59.99,No rating,In Stock,No description
No name,$59.99,No rating,In Stock,No description
No name,$34.99,No rating,In Stock,No description
No name,$59.99,No rating,In Stock,No description
No name,$49.99,No rating,In Stock,No description
No name,$19.99,No rating,In Stock,No description
No name,$19.99,No rating,In Stock,No description
No name,$34.99,No rating,In Stock,No description
No name,$15.99,No rating,In Stock,No description
No name,$15.99,No rating,In Stock,No description
No name,$15.99,No rating,In Stock,No description
No name,$15.99,No rating,In Stock,No description
No name,$34.99,No rating,In Stock,No description
No name,$19.99,No rating,In Stock,No description
No name,$19.99,No rating,In Stock,No description
No name,$19.99,No rating,In Stock,No description
No name,$59.99,No rating,In Stock,No description
No name,$59.99,No rating,In Stock,No description
No name,$64.99,No rating,In Stock,No description
No name,$54.99,No rating,In Stock,No description
No name,$59.99,No rating,In Stock,No description
No name,$29.99,No rating,In Stock,No description
No name,$64.99,No rating,In Stock,No description
No name,$34.99,No rating,In Stock,No description
No name,$64.99,No rating,In Stock,No description
No name,$49.99,No rating,In Stock,No description
No name,$4.99,No rating,In Stock,No description
No name,$4.99,No rating,In Stock,No description
No name,$4.99,No rating,In Stock,No description
No name,$4.99,No rating,In Stock,No description
No name,$4.99,No rating,In Stock,No description
No name,$4.99,No rating,In Stock,No description
No name,$4.99,No rating,In Stock,No description
No name,$4.99,No rating,In Stock,No description
No name,$29.99,No rating,In Stock,No description
No name,$24.99,No rating,In Stock,No description
No name,$19.99,No rating,In Stock,No description
No name,$19.99,No rating,In Stock,No description
No name,$24.99,No rating,In Stock,No description
No name,$24.99,No rating,In Stock,No description
No name,$29.99,No rating,In Stock,No description
No name,$24.99,No rating,In Stock,No description
No name,$19.99,No rating,In Stock,No description
No name,$19.99,No rating,In Stock,No description
No name,$29.99,No rating,In Stock,No description
No name,$24.99,No rating,In Stock,No description
No name,$19.99,No rating,In Stock,No description
No name,$19.99,No rating,In Stock,No description
No name,$29.99,No rating,In Stock,No description
No name,$24.99,No rating,In Stock,No description
No name,$19.99,No rating,In Stock,No description
No name,$19.99,No rating,In Stock,No description
No name,$29.99,No rating,In Stock,No description
No name,$24.99,No rating,In Stock,No description
No name,$19.99,No rating,In Stock,No description
No name,$19.99,No rating,In Stock,No description
No name,$19.99,No rating,In Stock,No description
No name,$19.99,No rating,In Stock,No description
No name,$19.99,No rating,In Stock,No description
No name,$19.99,No rating,In Stock,No description
No name,$34.99,No rating,In Stock,No description
